,tempmax,Outcome_EXPIRY_sum,Outcome_DAMA_sum,Outcome_DISCHARGE_sum,SMOKING__sum,ALCOHOL_sum,DM_sum,HTN_sum,PRIOR_CMP_sum,readmissions_sum,CKD_sum,SEVERE_ANAEMIA_sum,ANAEMIA_sum,STABLE_ANGINA_sum,ACS_sum,STEMI_sum,ATYPICAL_CHEST_PAIN_sum,HEART_FAILURE_sum,HFREF_sum,HFNEF_sum,VALVULAR_sum,CAD_sum,total_admissions,condition_rainy,TYPE_OF_ADMISSION_EMERGENCY_OPD_sum,temp,dew,humidity,windspeed,winddir,sealevelpressure,PM10 AVG,PM2.5 AVG,visibility,TLC_median,PLATELETS_median,GLUCOSE_median,UREA_median,CREATININE_median,BNP_median,solarenergy,uvindex,tempmin,sun_duration,cloudcover,male_ratio,rural_ratio,EF_median,HB_mean,DURATION_OF_STAY_median,duration_of_intensive_unit_stay_median,average_age,search_HeroDMCHeartInstitute,search_chestpain,cpi_health_PoP,cpi_Food_Beverages_PoP,cpi_health_YoY,vehicles_units_PoP,cpi_FaB,cpi_health,cpi_tobacco_intoxicants,vehicles_units
2017-04-09,39.6,7,4,65,5,5,23,42,12,0,7,1,13,9,25,9,2,19,11,8,5,48,91,2,56,26.4,6.028571428571429,31.785714285714285,21.142857142857142,223.95714285714288,1007.0428571428572,75.85714285714286,79.42857142857143,3.171428571428572,10.62857142857143,232.1428571428572,133.40714285714287,38.91428571428571,0.9821428571428572,685.0285714285714,23.0,8.857142857142858,18.67142857142857,759.3761904761905,16.985714285714288,0.6977167569272833,0.2749355907250644,42.92142857142857,12.681011094168989,3.928571428571429,1.8571428571428568,58.89357353173143,0.0,0.0,0.20096463022508,0.1353441608662,3.80794701986756,-0.60406738707296,128.6829277134377,124.4543276545649,143.04113391027224,27020
2017-04-16,44.8,14,1,46,3,3,18,17,15,1,4,0,6,7,11,2,1,14,9,5,4,27,55,0,33,29.457142857142856,2.8714285714285714,21.75714285714286,20.071428571428573,272.3,1005.8428571428572,73.57142857142857,73.14285714285714,2.8857142857142857,10.35,189.67857142857144,145.65714285714287,43.42857142857143,0.9928571428571428,745.4499999999999,26.5,10.0,19.142857142857142,772.1238095238095,5.314285714285715,0.6997010925582353,0.2214955679241393,39.12857142857143,12.719144506287364,4.357142857142857,2.2142857142857144,56.70503504432076,0.0,54.0,0.20096463022508,0.1353441608662,3.80794701986756,-3.10621919103248,128.5797440768629,124.54845317542484,143.39403975291515,13709
2017-04-23,45.4,16,2,46,9,13,35,47,22,1,11,1,13,6,41,18,3,31,24,7,9,60,103,2,70,34.48571428571429,6.357142857142857,20.75714285714286,20.87142857142857,215.25714285714284,1002.2857142857144,85.71428571428571,85.57142857142857,2.7,11.237142857142857,222.80714285714288,144.42857142857142,40.49285714285714,0.9994285714285714,702.4285714285714,24.728571428571428,9.428571428571429,25.81428571428572,784.4857142857143,10.542857142857144,0.6707739547431876,0.2375595399450102,38.121428571428574,12.51912103812481,4.857142857142857,2.357142857142857,62.53780673559747,0.0,59.0,0.20096463022508,0.1353441608662,3.80794701986756,23.7716914070667,128.5190166770978,124.64341451503597,143.76290020150637,12122
2017-04-30,40.5,8,9,145,20,25,80,87,31,2,13,2,23,16,79,36,8,44,29,15,7,106,186,3,128,31.042857142857144,8.328571428571427,26.785714285714285,14.728571428571428,213.7,1005.3714285714286,82.71428571428571,90.71428571428572,3.3285714285714287,10.271428571428572,228.1401154134805,146.2357142857143,34.0,0.9630714285714286,702.7142857142857,26.0,9.428571428571429,23.31428571428572,796.3238095238095,5.028571428571429,0.6669315879842196,0.3070874649822018,39.892857142857146,12.53196151455748,3.928571428571429,1.2142857142857142,59.461379461379465,0.0,46.0,0.20096463022508,0.1353441608662,3.80794701986756,83.9752252252252,130.0,125.4,142.1,11646
2017-05-07,45.0,9,3,116,14,22,67,67,33,3,10,3,24,4,64,30,6,32,25,7,9,90,135,0,98,32.714285714285715,6.1000000000000005,21.15714285714285,18.15714285714285,327.40000000000003,1006.4857142857144,81.42857142857143,89.14285714285714,2.8000000000000003,9.814285714285717,216.42857142857144,139.27142857142857,37.29285714285714,0.9714285714285716,743.2714285714285,25.27142857142857,9.428571428571429,24.457142857142856,807.4738095238096,23.81428571428572,0.6693486090088209,0.3153678862849488,40.9,12.324302242636184,5.142857142857143,2.7857142857142856,59.44765906362545,0.0,0.0,0.17942583732057,-0.07692307692308,4.29397192402973,-8.61541286649936,128.53986024712972,124.83589705208597,144.54961476088965,11844
2017-05-14,45.4,18,3,127,12,10,68,80,23,4,17,3,29,9,46,26,6,40,21,19,3,86,141,1,103,36.2,8.642857142857142,19.985714285714288,18.0,249.7142857142857,1003.6,90.0,104.28571428571428,2.4714285714285715,10.485714285714286,217.5928571428572,153.15714285714284,40.76428571428572,1.0295714285714286,659.6928571428571,25.52857142857143,9.285714285714286,28.571428571428573,817.7333333333333,15.785714285714286,0.6493469250048197,0.2961196259880471,45.535714285714285,12.025575284610508,5.642857142857143,2.2857142857142856,61.564966261808365,0.0,32.0,0.17942583732057,-0.07692307692308,4.29397192402973,-46.4951940788372,128.62242318333287,124.93344445031197,144.9667870407193,11610
2017-05-21,45.2,4,6,139,9,15,62,68,27,10,7,0,16,14,45,24,8,33,21,12,9,81,143,4,95,35.3,11.714285714285714,25.857142857142858,16.728571428571428,272.74285714285713,1001.3714285714286,89.28571428571429,101.71428571428572,3.5285714285714285,9.785714285714286,213.6428571428572,144.9857142857143,35.214285714285715,0.9035714285714286,613.9285714285714,25.7,9.285714285714286,28.25714285714286,826.9047619047618,23.685714285714287,0.6377289377289378,0.2645909645909646,41.66428571428571,12.587271978021978,5.785714285714286,2.9285714285714284,60.21643772893773,0.0,29.0,0.17942583732057,-0.07692307692308,4.29397192402973,-6.0778668002003,128.74942628915815,125.03188006886339,145.39855026457255,10888
2017-05-28,46.3,8,2,128,16,17,64,63,24,10,16,1,24,11,60,24,4,45,26,19,8,83,135,1,102,35.92857142857143,12.014285714285714,26.485714285714288,16.557142857142857,221.12857142857143,1000.5,78.57142857142857,84.42857142857143,2.9857142857142853,10.814285714285717,231.67857142857144,159.67857142857142,38.0,1.008571428571429,607.3142857142857,27.47142857142857,9.857142857142858,29.228571428571428,834.754761904762,4.885714285714286,0.6639833711262283,0.3311035525321239,41.08571428571429,12.159802721088436,5.071428571428571,3.0,62.468820861678005,0.0,90.0,0.17942583732057,-0.07692307692308,4.29397192402973,-0.59980006664445,128.9178348951757,125.13121700813379,145.84388346980066,12724
2017-06-04,48.4,10,2,119,10,7,62,63,26,6,7,0,16,10,51,24,8,30,16,14,5,82,131,3,100,35.5,12.55714285714286,28.17142857142857,19.557142857142857,237.97142857142856,999.2428571428572,92.71428571428572,115.28571428571428,3.1,10.321428571428571,231.6642857142857,144.1357142857143,37.81428571428571,0.9902857142857144,689.3285714285714,28.17142857142857,10.0,27.385714285714283,841.0642857142857,2.314285714285714,0.6438397581254723,0.346182917611489,42.114285714285714,12.513027210884356,5.214285714285714,3.142857142857143,60.73760393046108,0.0,46.0,0.01583531274743,0.03086419753087,3.94736842105264,-1.91082802547771,129.12461433195574,125.23146836851672,146.30176569375507,11330
2017-06-11,46.4,9,10,127,8,13,76,84,30,22,11,1,30,10,49,21,4,35,24,11,8,84,146,4,108,35.128571428571426,17.728571428571428,38.72857142857144,20.31428571428572,248.15714285714284,1000.7714285714284,85.42857142857143,94.0,2.671428571428572,10.524285714285714,229.1428571428572,144.07142857142858,37.21428571428572,0.9935714285714284,687.75,25.37142857142857,8.857142857142858,28.914285714285715,845.6404761904762,10.3,0.6682902044192367,0.255394444265412,41.364285714285714,12.420227455340358,4.642857142857143,2.5,62.18459422298132,72.0,0.0,0.01583531274743,0.03086419753087,3.94736842105264,-2.4812030075188,129.3667299300684,125.33264725040569,146.7711759737871,12116
2017-06-18,43.4,8,3,117,7,6,51,61,23,11,15,0,18,6,52,24,2,36,23,13,4,69,118,4,91,35.214285714285715,17.771428571428572,37.92857142857143,20.071428571428573,240.65714285714284,998.9714285714286,103.14285714285714,131.57142857142858,3.557142857142857,10.975714285714286,233.7142857142857,149.9,44.7,1.0971428571428572,664.04,25.285714285714285,8.857142857142858,29.285714285714285,848.3142857142857,13.242857142857144,0.6108843537414966,0.2296518607442977,41.57142857142857,12.3445906362545,5.642857142857143,3.0,59.975950380152064,0.0,0.0,0.01583531274743,0.03086419753087,3.94736842105264,-5.58631807668045,129.64114702008402,125.43476675419431,147.25109334724817,11392
2017-06-25,41.5,4,5,114,6,12,61,79,33,16,15,3,17,8,65,22,3,48,29,19,8,91,148,5,119,32.74285714285715,20.87142857142857,52.05714285714286,14.342857142857143,233.6142857142857,998.5428571428572,131.71428571428572,165.85714285714286,3.271428571428572,10.85,212.7142857142857,138.5,35.285714285714285,1.026857142857143,647.3785714285714,25.514285714285712,8.571428571428571,26.32857142857143,848.9976190476191,15.228571428571428,0.6283575787294323,0.2943936251083194,41.3,12.49466333081669,4.785714285714286,2.642857142857143,61.80285908222938,0.0,63.0,0.01583531274743,0.03086419753087,3.94736842105264,14.9740163325909,129.94483093257267,125.53783998027612,147.7404968514896,12436
2017-07-02,41.9,12,1,113,8,12,57,60,20,17,14,2,23,6,50,28,10,37,24,13,4,66,120,6,95,32.2,23.17142857142857,61.68571428571429,15.828571428571427,165.18571428571428,997.8285714285714,106.0,111.14285714285714,2.9857142857142853,11.69285714285714,217.6071428571429,151.30714285714288,37.43571428571429,1.021857142857143,617.1285714285714,22.65714285714285,7.714285714285714,27.67142857142857,847.6785714285714,35.94285714285714,0.6447691197691198,0.248989898989899,40.471428571428575,12.305002886002883,5.571428571428571,2.642857142857143,60.44087301587302,0.0,0.0,0.01583531274743,0.03086419753087,3.94736842105264,-9.80176922580229,130.27474699810463,125.64188002904467,148.23836552386277,14724
2017-07-09,40.7,4,3,139,11,20,64,70,27,14,9,2,18,22,48,22,1,25,16,9,8,95,149,5,97,33.52857142857143,22.542857142857144,55.04285714285714,18.442857142857143,246.32857142857145,997.6,66.71428571428571,48.285714285714285,2.4714285714285715,10.114285714285714,233.42857142857144,142.81428571428572,32.642857142857146,0.93,659.6357142857142,24.77142857142857,8.857142857142858,27.642857142857142,844.407142857143,19.342857142857145,0.6428237259816207,0.3631193062020129,44.18571428571429,12.471036092214664,5.214285714285714,2.857142857142857,59.76792218641843,0.0,78.0,-0.07911392405063,-0.03852080123267,3.61842105263158,9.1703056768559,130.62786054725007,125.74690000089355,148.743678401719,9979
2017-07-16,41.5,7,4,129,5,12,58,48,30,11,13,2,20,15,41,29,4,25,17,8,10,76,125,7,100,32.67142857142857,22.757142857142856,58.21428571428572,13.685714285714283,177.37142857142857,1000.0428571428572,78.42857142857143,83.57142857142857,3.7,9.65,231.78571428571428,157.71428571428572,34.857142857142854,0.9864285714285714,678.7357142857143,24.557142857142857,8.571428571428571,27.74285714285714,839.2928571428572,32.84285714285714,0.5961651045444288,0.3320532543240849,39.864285714285714,12.496076061358064,5.571428571428571,3.357142857142857,60.28075489892019,0.0,24.0,-0.07911392405063,-0.03852080123267,3.61842105263158,-8.09180327868853,131.0011369105792,125.85291299621628,149.25541452240972,11602
2017-07-23,39.4,6,2,138,10,14,57,59,21,16,16,2,24,20,39,21,6,26,16,10,8,79,137,7,92,32.67142857142857,23.357142857142858,60.04285714285714,14.857142857142858,185.05714285714288,998.7428571428572,77.42857142857143,87.42857142857143,3.0,10.7,253.78571428571428,138.2357142857143,34.07142857142857,1.0,646.0571428571428,23.9,8.571428571428571,28.185714285714287,832.5333333333334,52.25714285714285,0.6204447513271043,0.2895670505964623,46.0,12.401873337446869,5.357142857142857,2.4285714285714284,59.85483976807506,42.0,57.0,-0.07911392405063,-0.03852080123267,3.61842105263158,9.48915525114155,131.39154141866223,125.95993211540639,149.77255292328633,16793
2017-07-30,38.0,2,4,108,10,6,49,72,21,14,14,3,19,9,46,19,2,31,16,15,9,68,134,7,107,31.228571428571428,23.75714285714286,66.05714285714285,14.357142857142858,142.78571428571428,999.9571428571428,87.14285714285714,93.71428571428572,3.814285714285714,10.0,222.42857142857144,142.32857142857142,36.71428571428572,1.0714285714285714,680.905,21.185714285714287,7.428571428571429,27.142857142857142,824.3309523809523,52.82857142857142,0.5283642827760475,0.2148163111398406,47.79285714285714,12.306933523992347,5.785714285714286,3.2857142857142856,61.923308146102265,0.0,49.0,-0.07911392405063,-0.03852080123267,3.61842105263158,18.7540727225336,131.7960394020694,126.06797045885747,150.29407264170004,15191
2017-08-06,38.2,5,1,127,13,17,57,70,23,15,10,0,15,19,54,24,4,30,22,8,2,91,145,7,103,30.514285714285712,24.11428571428572,70.68571428571428,15.528571428571428,215.2428571428572,999.0571428571428,96.85714285714286,116.0,2.657142857142857,10.05714285714286,217.28571428571428,145.5,38.142857142857146,1.0521428571428573,667.8071428571428,21.542857142857144,8.0,26.214285714285715,814.9142857142857,56.614285714285714,0.6640142021720968,0.3299916457811194,42.19285714285714,12.5900768588137,4.642857142857143,2.5,61.91372180451128,52.0,63.0,0.17460317460317,0.57098765432099,-16.99591836734695,-31.55728709394205,132.21159619137083,126.17704112696309,150.81895271500235,13079
2017-08-13,39.5,9,0,118,3,7,26,24,12,9,8,0,5,10,31,15,1,19,15,4,4,43,67,7,50,31.985714285714288,23.542857142857144,63.02857142857143,16.271428571428572,219.2,999.2857142857144,83.42857142857143,92.0,3.171428571428572,11.842857142857143,224.0,148.3857142857143,39.871428571428574,1.0935714285714286,668.3285714285714,22.042857142857144,8.285714285714286,27.12857142857143,804.4952380952382,43.15714285714286,0.624901185770751,0.2791266704310182,41.85714285714285,12.507530585356673,6.571428571428571,3.7857142857142856,56.8333207854947,77.0,0.0,0.17460317460317,0.57098765432099,-16.99591836734695,13.6134049547022,132.63517711713675,126.28715722011682,151.34617218054456,11232
2017-08-20,40.0,11,3,62,0,0,28,30,16,5,6,1,10,6,23,13,3,15,9,6,5,39,75,4,59,31.342857142857145,21.957142857142856,60.44285714285714,16.02857142857143,221.57142857142856,1001.6142857142858,41.285714285714285,46.71428571428572,3.357142857142857,11.485714285714286,208.78571428571428,145.47857142857143,35.42857142857143,1.0457142857142858,686.2642857142857,24.62857142857143,8.857142857142858,25.97142857142857,793.2761904761904,16.242857142857144,0.5671550671550671,0.3240886098028955,39.47857142857144,12.349075527646956,4.857142857142857,2.357142857142857,60.543345543345545,0.0,46.0,0.17460317460317,0.57098765432099,-16.99591836734695,39.3973608072825,133.06374750993743,126.39833183871212,151.8747100756781,10294
2017-08-27,37.1,14,3,85,17,10,69,73,22,20,16,2,25,9,69,39,0,40,24,17,7,101,160,6,136,30.414285714285715,23.61428571428572,68.97142857142858,13.257142857142856,149.14285714285714,1001.6142857142858,80.28571428571429,89.85714285714286,2.4714285714285715,11.19285714285714,223.28571428571428,137.85,34.5,1.0035714285714286,629.3285714285714,23.914285714285715,8.714285714285714,25.75714285714286,781.4428571428572,16.52857142857143,0.6816653740995846,0.2725361261545472,41.68571428571429,12.511709091347248,5.071428571428571,3.7142857142857135,63.8258717160033,45.0,34.0,0.17460317460317,0.57098765432099,-16.99591836734695,-7.92244608686848,133.49427270034295,126.51057808314265,152.40354543775427,8356
2017-09-03,35.4,9,1,139,11,7,63,63,28,21,13,3,19,14,40,15,6,39,27,12,7,73,131,5,97,28.957142857142856,23.685714285714287,75.05714285714285,14.171428571428573,147.6,1002.8714285714286,145.14285714285714,139.85714285714286,3.0142857142857147,10.025,201.0928571428572,148.42857142857142,33.0,0.9992857142857144,682.3714285714286,21.357142857142858,7.857142857142857,24.714285714285715,769.15,31.02857142857143,0.6245968084203378,0.3005027185699455,42.91428571428571,12.50396751357886,5.428571428571429,4.0,59.676706696664674,43.0,45.0,0.17460317460317,0.57098765432099,3.50162866449511,-10.11050634999175,133.92371801892358,126.62390905380192,152.93165730412443,8226
2017-09-10,36.3,6,2,119,9,10,56,59,24,22,8,3,19,16,44,31,1,25,16,9,5,82,131,5,97,29.642857142857142,21.957142857142856,65.45714285714286,11.542857142857144,261.42857142857144,1005.3,121.0,102.57142857142856,2.0571428571428574,9.892857142857142,226.0642857142857,142.82857142857142,33.0,0.9899285714285714,661.592857142857,23.557142857142857,8.857142857142858,24.228571428571428,756.5142857142857,9.814285714285717,0.6356803479474287,0.2627583251806854,43.69285714285714,12.717232915462729,5.428571428571429,3.7142857142857135,60.347424711244585,49.0,16.0,-0.2360346184107,0.90022505626406,28.1555374592834,-15.76146788990826,134.34904879624952,126.7383378510835,153.45802471214,11055
2017-09-17,38.2,5,4,140,15,16,71,87,26,25,17,2,30,13,47,29,6,39,21,18,5,93,161,0,117,30.057142857142857,19.357142857142858,55.08571428571429,11.671428571428573,313.3142857142857,1006.3285714285714,125.85714285714286,143.71428571428572,2.8000000000000003,10.45,230.3571428571429,136.85714285714286,29.571428571428573,0.9171428571428571,592.0114285714286,22.642857142857142,8.714285714285714,24.514285714285712,743.6476190476191,8.2,0.6051948051948052,0.3115560365560365,42.15714285714286,12.354632034632036,5.285714285714286,3.357142857142857,61.524179894179895,0.0,32.0,-0.2360346184107,0.90022505626406,28.1555374592834,-8.1028098453496,134.767230362891,126.85387757538095,153.98162669915223,8319
2017-09-24,37.9,8,9,124,16,21,60,68,27,17,8,1,22,11,50,25,3,25,15,10,5,73,134,2,92,28.15714285714285,14.814285714285717,49.457142857142856,11.785714285714286,195.37142857142857,1004.657142857143,166.71428571428572,175.14285714285714,2.9,10.828571428571427,222.45714285714288,144.3642857142857,33.142857142857146,1.0285714285714287,662.6071428571429,20.285714285714285,7.714285714285714,21.1,730.6547619047618,26.557142857142857,0.6326927649543652,0.2234046349866591,41.26428571428572,12.2788699292426,4.928571428571429,2.7142857142857144,60.54116228431172,0.0,25.0,-0.2360346184107,0.90022505626406,28.1555374592834,-17.83202970688157,135.17522804941822,126.97054132708777,154.50144230251266,10137
2017-10-01,37.6,10,8,117,13,12,58,67,22,33,12,1,23,13,46,21,0,28,18,10,6,86,135,0,87,28.942857142857143,13.985714285714286,42.92857142857143,10.042857142857144,252.82857142857145,1006.157142857143,149.57142857142858,117.14285714285714,2.3714285714285714,11.228571428571428,214.1428571428572,147.71428571428572,33.57142857142857,1.0485714285714285,718.1142857142858,21.285714285714285,8.142857142857142,21.928571428571427,717.6119047619048,2.957142857142857,0.717535338534127,0.3202542741184743,39.785714285714285,12.15806574499669,5.642857142857143,3.0,60.7473640679648,0.0,77.0,-0.2360346184107,0.90022505626406,28.1555374592834,-1.48076923076923,135.57000783053948,127.08834220659759,155.01644971486985,13266
2017-10-08,38.3,10,14,109,11,11,50,62,21,31,7,0,19,13,43,10,1,30,20,12,0,87,137,0,74,28.52857142857143,12.242857142857144,39.08571428571429,10.94285714285714,268.8428571428572,1008.0714285714286,149.71428571428572,146.14285714285714,2.657142857142857,10.24,213.3571428571429,137.71428571428572,34.885714285714286,0.9878571428571428,675.4499999999999,20.285714285714285,8.0,21.17142857142857,704.6119047619048,0.0,0.6420859648207109,0.3417838874680307,41.471428571428575,12.742423512883414,6.071428571428571,3.071428571428572,60.03168702263514,58.0,60.0,0.05957108816521,-0.23533671252715,2.35198702351987,28.2939683779036,135.9488629031442,127.20729331430393,155.52519801991122,11850
2017-10-15,36.6,3,16,112,5,14,49,64,22,14,13,0,18,12,58,21,3,38,29,9,7,74,124,0,77,28.11428571428572,11.771428571428572,39.42857142857143,9.685714285714283,235.5428571428572,1006.4571428571428,315.0,262.2857142857143,2.0,10.714285714285714,217.0,140.87142857142857,35.785714285714285,1.0235714285714286,649.7071428571428,17.728571428571428,7.142857142857143,21.071428571428573,691.7428571428571,0.1714285714285714,0.6596161750186518,0.3341912043924427,41.9,12.677033124254487,5.285714285714286,1.2857142857142858,60.25286857964876,48.0,22.0,0.05957108816521,-0.23533671252715,2.35198702351987,-24.26778242677824,136.3099451002779,127.32740775060034,156.02511031265215,15404
2017-10-22,36.4,5,11,100,3,4,25,49,24,10,8,2,11,5,48,19,1,24,11,13,2,49,91,0,75,26.585714285714285,6.3,30.6,11.085714285714284,219.62857142857143,1008.2714285714284,319.0,299.0,1.9714285714285715,10.62142857142857,213.6428571428572,139.0,37.71428571428572,1.0617142857142858,692.7142857142857,17.242857142857144,7.0,19.585714285714285,679.1357142857142,0.3571428571428571,0.5561327561327561,0.3096681096681096,41.371428571428574,12.632575757575756,6.214285714285714,2.071428571428572,61.40115440115441,0.0,33.0,0.05957108816521,-0.23533671252715,2.35198702351987,27.3631341034656,136.6515453888269,127.4486986158804,156.51342723232924,14480
2017-10-29,33.7,14,6,93,7,22,64,71,17,16,11,2,17,3,70,24,0,43,21,22,6,76,136,0,109,23.342857142857145,5.371428571428572,34.6,11.914285714285716,146.32857142857142,1013.157142857143,316.2857142857143,326.57142857142856,1.1714285714285713,10.564285714285717,213.5,152.69285714285712,38.35714285714285,0.9878571428571428,735.3214285714286,14.171428571428573,6.142857142857143,15.957142857142856,666.907142857143,0.0,0.6031502456054886,0.273956176673568,41.46428571428572,12.402616409231689,5.428571428571429,1.9285714285714288,61.83479123533471,0.0,65.0,0.05957108816521,-0.23533671252715,2.35198702351987,25.5619528353971,136.9719547356775,127.57117901053766,156.98738941817905,21568
2017-11-05,31.1,8,9,127,10,17,65,81,25,36,11,5,25,14,59,28,6,55,34,21,2,104,173,0,115,21.642857142857142,8.77142857142857,46.35714285714285,9.9,115.17142857142858,1015.5,254.1428571428572,310.1428571428572,0.8142857142857143,9.742857142857144,206.9,150.28571428571428,34.642857142857146,0.9671428571428572,665.6214285714286,10.914285714285716,5.285714285714286,15.585714285714284,655.2380952380953,0.5285714285714286,0.6671230086237393,0.1634353258211497,42.114285714285714,12.294873228276815,5.142857142857143,1.7142857142857142,61.12832411950287,0.0,34.0,0.14263074484944,0.04385964912281,2.08835341365462,-15.90452261306533,137.26946410771595,127.69486203496567,157.44423750943807,22087
2017-11-12,29.7,20,10,148,11,11,66,78,19,26,19,4,23,10,44,20,2,48,40,9,10,94,160,0,76,20.82857142857143,6.485714285714286,42.91428571428571,9.142857142857142,332.42857142857144,1014.9571428571428,317.0,280.7142857142857,0.3999999999999999,10.921428571428573,207.92857142857144,148.33571428571426,39.21428571428572,1.0878571428571429,708.35,11.342857142857143,5.285714285714286,14.414285714285716,644.3190476190476,12.157142857142857,0.6442563388991961,0.2309291898577612,40.521428571428565,12.445933055040198,5.214285714285714,2.4285714285714284,60.3351345083488,0.0,15.0,0.14263074484944,0.04385964912281,2.08835341365462,32.977293098297,137.54236447182856,127.81976078955796,157.88121214534297,20538
2017-11-19,27.1,13,16,140,11,11,73,89,19,23,21,4,26,19,55,24,4,50,37,13,12,99,172,3,90,18.02857142857143,6.271428571428571,49.18571428571429,13.257142857142856,274.04285714285714,1015.0857142857144,230.57142857142856,231.28571428571428,1.042857142857143,11.021428571428572,228.57857142857145,145.45,38.0,1.0335714285714286,726.4878571428571,10.885714285714286,5.142857142857143,12.814285714285717,634.3857142857142,14.8,0.6322467421260131,0.2516623595351149,39.74285714285714,12.05487079306152,4.928571428571429,3.0,59.50133491852952,0.0,24.0,0.14263074484944,0.04385964912281,2.08835341365462,-5.90349941021176,137.78894679490165,127.94588837470813,158.29555396513015,18769
2017-11-26,26.6,17,9,126,11,22,78,73,15,48,18,2,36,11,63,33,2,46,33,13,10,103,167,0,102,16.385714285714286,-1.1285714285714286,33.67142857142857,14.042857142857144,304.4142857142857,1016.0142857142856,235.28571428571428,245.57142857142856,1.1714285714285713,10.65,218.2142857142857,150.02142857142857,37.6,0.9671428571428572,682.6878571428572,13.55714285714286,6.0,9.271428571428572,625.697619047619,8.742857142857144,0.6486690716116181,0.2346508305359237,39.05714285714286,12.190487815755674,5.928571428571429,2.7857142857142856,61.53840646930709,18.0,51.0,0.14263074484944,0.04385964912281,2.08835341365462,44.4424546322827,138.0075020438215,128.0732578908097,158.6845036080364,16040
2017-12-03,27.3,12,11,151,10,16,92,98,35,32,17,6,34,13,67,21,3,63,47,17,7,104,189,0,110,17.585714285714285,-0.2285714285714286,32.714285714285715,11.157142857142857,239.7428571428572,1015.9714285714286,270.0,276.2857142857143,1.0,10.62142857142857,230.0,141.18571428571428,39.21428571428572,0.98,716.9214285714286,12.928571428571429,5.857142857142857,9.7,618.5285714285714,12.114285714285716,0.6431920410368687,0.1722681851992197,39.72857142857144,12.063903511080236,5.142857142857143,2.7142857142857144,62.30527091841747,0.0,20.0,0.14263074484944,0.04385964912281,2.08835341365462,0.96706203248337,138.19632118547435,128.20188243825623,159.0453017132981,15413
2017-12-10,25.6,12,12,145,14,18,65,75,24,24,18,2,25,12,53,26,2,48,42,6,3,107,165,0,84,15.900000000000002,-4.157142857142857,27.514285714285712,13.12857142857143,287.92857142857144,1015.8142857142856,181.0,182.7142857142857,1.0857142857142856,11.407142857142857,228.92857142857144,141.21428571428572,34.357142857142854,0.9171428571428571,647.3928571428571,12.685714285714283,5.857142857142857,8.7,613.1357142857142,27.97142857142857,0.6761441291492443,0.1842162644592312,38.2,12.523434687884816,5.285714285714286,2.4285714285714284,60.68514581941692,0.0,47.0,0.09834775767112,0.40116703136397,2.90322580645161,-4.62936433220089,138.35369518674656,128.3317751174413,159.3751889201519,13490
2017-12-17,23.0,21,11,147,1,7,56,74,19,25,15,4,31,14,65,20,0,39,29,10,7,71,134,3,63,12.014285714285714,3.585714285714286,61.41428571428571,15.528571428571428,250.2428571428572,1019.6714285714286,111.28571428571428,100.14285714285714,1.1,10.525,217.07142857142856,146.59285714285716,37.864285714285714,0.9978571428571428,594.2285714285714,11.157142857142857,5.0,6.314285714285715,609.7523809523809,18.65714285714285,0.6192561873234143,0.2787987922441704,41.50714285714286,12.101016824911785,5.785714285714286,3.7142857142857135,61.970879867098354,0.0,0.0,0.09834775767112,0.40116703136397,2.90322580645161,-8.72532188841202,138.4779150145244,128.46294902875846,159.67140586783432,11972
2017-12-24,26.6,13,12,121,8,8,68,84,17,30,18,4,32,13,66,20,1,52,43,10,8,100,162,0,65,14.728571428571428,2.3,46.58571428571428,16.87142857142857,305.3,1019.1857142857144,166.71428571428572,171.14285714285714,1.1428571428571428,11.035714285714286,234.2142857142857,138.71428571428572,36.07142857142857,0.99,608.0285714285714,11.971428571428572,5.428571428571429,7.528571428571429,608.5190476190476,23.728571428571428,0.6649163006305863,0.179137000565572,39.18571428571429,12.596033120318834,4.428571428571429,2.5,61.6306833378262,0.0,21.0,0.09834775767112,0.40116703136397,2.90322580645161,-13.02017209761603,138.56727163569414,128.59541727260125,159.93119319558195,11715
2017-12-31,24.3,13,13,112,7,14,61,68,20,31,13,4,22,6,46,20,1,38,25,13,4,98,144,0,99,14.328571428571427,-0.3428571428571428,40.44285714285714,13.014285714285716,304.2857142857143,1017.8714285714286,184.1428571428572,227.42857142857144,0.8714285714285713,10.821428571428571,232.02857142857144,140.55714285714285,36.0,0.985,612.2571428571429,11.37142857142857,5.285714285714286,6.871428571428571,609.5023809523809,26.62857142857143,0.6635015848444642,0.1847403435058233,39.24285714285714,12.58341027200354,5.5,3.2857142857142856,61.44296863482235,16.0,15.0,0.09834775767112,0.40116703136397,2.90322580645161,0.69196669910261,139.3,127.6,158.1,10543
2018-01-07,21.3,10,8,178,18,20,109,120,44,46,26,6,52,8,78,25,2,81,72,9,15,173,239,0,187,11.671428571428573,-2.171428571428572,42.68571428571429,11.414285714285716,222.6857142857143,1015.9428571428572,187.57142857142856,214.57142857142856,0.5142857142857142,10.132857142857144,227.37142857142857,148.54724728332891,39.42857142857143,1.015,623.1357142857142,11.7,5.285714285714286,5.2,612.6642857142858,3.357142857142857,0.629560915275201,0.2183913969628255,39.707142857142856,12.098047751615082,5.5,2.571428571428572,62.78818113103828,0.0,18.0,0.05877742946709,-0.16152189519024,2.81350482315113,-9.98604101793192,138.6345591257546,128.864289159438,160.33044154821908,10545
2018-01-14,23.7,18,14,164,8,10,67,88,34,19,20,4,42,9,68,17,2,55,49,10,5,133,173,0,127,13.342857142857143,-2.357142857142857,36.7,14.0,303.04285714285714,1017.6142857142858,148.42857142857142,175.0,1.2,10.028571428571428,237.0,142.37142857142857,36.0,0.9964285714285712,573.3571428571429,12.685714285714283,5.571428571428571,5.685714285714285,617.8690476190476,20.228571428571428,0.6124505829496485,0.2284014341446822,39.92857142857143,11.797314134482315,5.357142857142857,2.2857142857142856,62.52242770339602,0.0,38.0,0.05877742946709,-0.16152189519024,2.81350482315113,-13.58702135273768,138.60907192841782,129.00071900321902,160.4643838515817,11893
2018-01-21,26.0,26,5,162,6,6,62,78,29,20,16,4,25,9,47,16,2,60,50,10,6,113,147,0,108,13.671428571428573,-3.871428571428571,33.25714285714286,15.228571428571428,279.74285714285713,1015.4,120.0,165.85714285714286,1.3,10.514285714285714,226.8571428571429,154.03571428571428,37.21428571428572,1.025,644.8071428571428,14.1,6.285714285714286,5.457142857142857,624.9095238095239,5.0,0.6281284397047944,0.1902172540103574,39.4,12.225036738302748,5.071428571428571,2.0,63.062718562225946,23.0,11.0,0.05877742946709,-0.16152189519024,2.81350482315113,0.79376035339591,138.5418853920182,129.1384955810999,160.5508590919558,12811
2018-01-28,23.3,14,6,94,4,5,28,26,17,6,10,1,13,5,29,8,0,26,23,3,3,53,73,2,58,11.828571428571427,0.7999999999999999,53.41428571428571,12.87142857142857,259.6714285714286,1014.4428571428572,107.71428571428572,113.28571428571428,0.8142857142857143,10.845714285714283,244.72142857142856,150.18571428571428,46.0,1.1078571428571429,831.5428571428572,12.271428571428572,5.571428571428571,5.9,633.5285714285714,17.142857142857142,0.5002862683534952,0.2001492904854249,41.457142857142856,11.97296863360729,5.642857142857143,3.2857142857142856,60.00834795456644,58.0,16.0,0.05877742946709,-0.16152189519024,2.81350482315113,-9.62131068958433,138.43129048344196,129.27763199347422,160.5871079085779,13886
2018-02-04,27.3,17,5,53,5,8,41,55,18,18,6,0,24,9,22,8,2,27,26,1,3,66,97,0,69,15.071428571428571,-0.0142857142857142,39.67142857142857,15.828571428571427,320.7,1015.3285714285714,92.14285714285714,79.0,1.8,10.85,233.07142857142856,142.0,38.57142857142857,0.9571428571428572,611.4357142857143,14.885714285714286,6.285714285714286,8.185714285714285,643.4619047619047,32.08571428571429,0.6147225933977295,0.2106886358247519,42.07857142857143,11.891496463306808,4.428571428571429,1.9285714285714288,63.08343111314981,47.0,0.0,0.2189210320563,-0.15895953757225,4.27419354838711,-4.71283527807244,138.27557816957537,129.4181413407355,160.57037094068463,13412
2018-02-11,25.8,16,2,67,12,14,50,60,28,15,20,1,22,8,49,24,4,52,36,16,6,93,128,1,97,14.171428571428573,-5.085714285714286,29.914285714285715,13.842857142857143,227.1,1015.8571428571428,117.85714285714286,89.85714285714286,1.985714285714285,10.728571428571428,232.7142857142857,148.0,40.142857142857146,1.075,691.8071428571428,14.971428571428572,6.428571428571429,6.642857142857143,654.4357142857143,39.48571428571428,0.6648179271708683,0.3092564298446651,38.15,12.28108121163756,5.285714285714286,2.2857142857142856,62.8768601986249,44.0,30.0,0.2189210320563,-0.15895953757225,4.27419354838711,9.35909669211196,138.07303941730476,129.56003672327734,160.49788882751247,11469
2018-02-18,29.0,13,8,106,11,13,62,85,29,25,23,1,26,15,56,30,2,60,47,13,1,114,150,2,116,15.642857142857142,5.214285714285714,56.48571428571429,21.61428571428572,259.2,1018.2142857142856,71.28571428571429,60.142857142857146,2.185714285714286,10.838571428571427,221.07142857142856,138.46428571428572,40.57142857142857,1.0257142857142856,640.8071428571428,16.485714285714288,7.0,8.72857142857143,666.2023809523808,33.457142857142856,0.5993372967456658,0.2289721547136907,39.85714285714285,12.156777185762406,5.928571428571429,3.071428571428572,61.905461084073885,45.0,31.0,0.2189210320563,-0.15895953757225,4.27419354838711,9.2198065876536,137.8219651935164,129.70333124149323,160.36690220829803,12774
2018-02-25,31.1,10,8,152,11,12,68,74,26,19,7,2,20,23,52,24,4,43,34,9,3,113,158,2,97,20.385714285714283,5.514285714285714,42.04285714285714,13.742857142857144,260.15714285714284,1012.8,99.71428571428572,76.42857142857143,1.985714285714285,10.2,231.2,140.65714285714287,33.857142857142854,0.9571428571428572,577.3071428571428,16.52857142857143,7.142857142857143,13.5,678.5642857142857,47.98571428571428,0.6833390696403067,0.3001471805473746,41.08571428571429,12.51687668287462,5.357142857142857,2.857142857142857,62.67091648091042,0.0,16.0,0.2189210320563,-0.15895953757225,4.27419354838711,7.88229811597098,137.52064646509658,129.84803799577674,160.17465172227784,14026
2018-03-04,31.5,21,11,147,10,15,58,70,19,18,13,2,24,24,53,14,3,47,37,11,6,101,148,1,83,20.9,8.385714285714286,47.771428571428565,15.62857142857143,320.0,1011.4857142857144,70.0,49.71428571428572,2.7,10.188571428571429,232.92857142857144,139.15714285714287,37.57142857142857,1.0307142857142857,628.1642857142857,14.585714285714284,6.0,15.185714285714289,691.342857142857,62.68571428571429,0.6563785838221928,0.2374204742625795,41.25714285714286,12.462692600290955,5.5,2.4285714285714284,61.891654961579775,29.0,31.0,0.2189210320563,-0.15895953757225,4.27419354838711,7.88229811597098,137.16780284733758,129.99417008652148,159.9189685097982,8761
2018-03-11,32.6,11,10,85,11,9,47,58,27,23,11,1,25,8,47,15,2,39,34,5,2,79,116,0,70,21.61428571428572,5.185714285714285,38.08571428571429,16.914285714285715,324.0285714285714,1013.2714285714284,68.42857142857143,53.0,3.0285714285714285,10.571428571428571,232.2142857142857,155.77857142857144,39.36857142857143,1.0207142857142857,694.4857142857143,20.74285714285714,8.142857142857142,13.4,704.3904761904762,20.11428571428572,0.7070818070818071,0.2392290249433106,38.635714285714286,12.224661608233037,5.642857142857143,3.142857142857143,59.30822431536717,0.0,43.0,0.07733952049497,-0.41879096868172,4.26045016077169,7.88229811597098,136.76935390922503,130.14174061412095,159.6076022845311,11941
2018-03-18,35.8,5,6,125,10,7,52,64,32,23,15,1,22,9,33,8,0,31,23,8,8,96,142,0,96,24.042857142857144,2.3857142857142857,28.11428571428572,16.0,289.3428571428572,1009.8857142857142,82.0,82.28571428571429,2.957142857142857,10.828571428571427,225.80714285714288,128.52857142857144,33.285714285714285,0.9742857142857144,512.0142857142857,22.228571428571428,8.428571428571429,15.928571428571429,717.5904761904761,6.1000000000000005,0.6864206110124946,0.2178437539301998,39.98571428571428,12.604500934617713,5.857142857142857,3.2142857142857144,59.37465201499207,0.0,30.0,0.07733952049497,-0.41879096868172,4.26045016077169,15.7544870374474,136.33719350690234,130.29076267896875,159.2565328693645,12090
2018-03-25,36.1,10,3,128,10,12,56,76,13,23,15,1,16,3,34,7,0,21,11,10,2,97,133,3,84,23.97142857142857,6.314285714285715,36.7,16.857142857142858,320.7714285714286,1011.6428571428572,78.57142857142857,75.85714285714286,2.742857142857143,11.428571428571429,228.2142857142857,144.07142857142858,33.91428571428572,0.9528571428571428,524.0,22.142857142857142,8.714285714285714,16.385714285714283,730.8309523809523,11.271428571428572,0.6801968026813228,0.1552026312917511,41.47857142857144,12.795407912520917,5.571428571428571,2.357142857142857,61.069021443689735,0.0,45.0,0.07733952049497,-0.41879096868172,4.26045016077169,11.0770801429301,135.88339633255922,130.44124938145836,158.88198920484163,13764
2018-04-01,39.1,10,3,125,12,7,45,55,30,30,12,0,16,2,28,5,0,26,16,10,4,87,124,0,84,27.25714285714286,-1.5571428571428572,18.485714285714288,18.74285714285714,256.4142857142857,1008.2,74.28571428571429,68.71428571428571,2.742857142857143,11.757142857142856,231.2142857142857,141.18571428571428,35.357142857142854,0.9271428571428572,507.0,24.414285714285715,9.142857142857142,17.357142857142858,744.0238095238094,2.3857142857142857,0.6745905166957799,0.2193778096033735,39.92857142857143,12.497707544474462,5.5,2.2857142857142856,63.430151858723285,50.0,35.0,0.07733952049497,-0.41879096868172,4.26045016077169,-36.16153492647059,135.4200370783853,130.59321382198345,158.50020023150594,15641
2018-04-08,39.3,5,1,98,11,4,46,67,23,59,10,3,25,7,26,6,2,21,8,13,3,87,122,1,93,29.142857142857142,7.785714285714286,28.5,14.0,210.1142857142857,1007.9142857142856,74.0,50.285714285714285,2.642857142857143,9.95,215.7142857142857,139.14285714285714,35.5,0.9621428571428572,562.0928571428572,20.77142857142857,8.0,21.61428571428572,757.0761904761904,29.52857142857143,0.5650535652857634,0.1416842760496011,42.6,12.231952880567432,5.857142857142857,2.571428571428572,61.65035792094616,0.0,23.0,0.15420200462606,-0.24074074074074,4.06698564593301,29.5959686853235,134.95919043657028,130.74666910093748,158.12739488990087,11668
2018-04-15,39.0,2,3,127,3,7,47,63,20,40,2,1,17,8,38,16,2,27,13,14,2,100,125,3,87,27.642857142857142,10.157142857142858,38.35714285714285,15.9,267.35714285714283,1008.7571428571428,70.0,61.42857142857143,3.3285714285714287,10.214285714285714,226.3571428571429,143.85,32.07142857142857,0.8407142857142856,506.15,21.8,8.714285714285714,19.82857142857143,769.8833333333333,39.01428571428572,0.6167133520074696,0.2535931039082299,42.15714285714286,12.2356387555022,5.428571428571429,2.0,63.91496598639456,0.0,31.0,0.15420200462606,-0.24074074074074,4.06698564593301,1.79141785863075,134.51293109930384,130.90162831871407,157.7798021205697,14335
2018-04-22,39.9,5,2,111,1,3,21,57,18,25,8,2,19,6,43,26,2,21,8,13,5,70,97,3,72,29.1,6.785714285714286,27.685714285714287,24.442857142857143,274.1,1006.9142857142856,71.71428571428571,61.285714285714285,2.942857142857143,10.460714285714284,264.45,124.0,32.92857142857143,0.9571428571428572,594.875,25.071428571428573,9.571428571428571,20.97142857142857,782.3238095238095,9.671428571428573,0.664555229206307,0.1313598759661967,40.56428571428571,12.155875354094206,6.214285714285714,3.357142857142857,61.68734764656851,34.0,11.0,0.15420200462606,-0.24074074074074,4.06698564593301,14.5156889495225,134.09333375877566,131.05810457570672,157.47365086405597,12459
2018-04-29,43.3,8,2,101,3,2,18,41,16,23,6,0,10,17,26,10,2,14,5,9,1,57,82,1,54,32.614285714285714,3.7714285714285714,18.342857142857145,18.557142857142857,250.72857142857143,1003.9,142.85714285714286,131.28571428571428,2.942857142857143,10.512857142857143,246.8571428571429,137.07142857142858,33.628571428571426,1.0607142857142855,516.6714285714286,25.957142857142856,9.428571428571429,23.385714285714283,794.2714285714285,9.857142857142858,0.7207276850133992,0.1532699443413729,39.07142857142857,12.520816455370026,4.714285714285714,3.0,62.81909400123686,0.0,0.0,0.15420200462606,-0.24074074074074,4.06698564593301,13.0331188944484,133.7124731071754,131.21611097230897,157.22517006090297,14502
2018-05-06,43.9,3,1,85,8,6,35,60,15,26,10,0,15,14,43,17,4,28,11,17,1,84,111,2,87,33.67142857142857,8.514285714285714,23.857142857142858,22.785714285714285,171.84285714285716,1004.6142857142858,143.42857142857142,124.57142857142856,3.142857142857143,9.321428571428571,230.77142857142857,153.8857142857143,35.285714285714285,0.915,574.0571428571428,25.87142857142857,9.571428571428571,25.95714285714286,805.5500000000001,10.3,0.6354050711193568,0.0954854669140383,43.17142857142857,12.55865924551639,4.714285714285714,3.2857142857142856,59.094124922696345,0.0,46.0,0.10727969348659,-0.04487658937921,-16.89627870150436,-26.96037099494098,133.3824238366927,131.37566931477681,157.0505886516541,10378
2018-05-13,45.3,5,5,117,4,10,43,75,22,23,13,2,35,13,44,19,3,34,13,21,2,100,137,3,103,33.028571428571425,10.171428571428573,27.085714285714285,22.82857142857143,271.42857142857144,1004.5857142857144,118.85714285714286,142.28571428571428,3.085714285714286,9.857142857142858,239.1428571428572,142.4,38.92857142857143,0.9700714285714286,628.5500000000001,24.342857142857145,9.428571428571429,25.3,815.9809523809524,23.75714285714286,0.5788225635081619,0.2132401236356611,43.12857142857143,11.860073553559356,4.142857142857143,2.2857142857142856,60.50834782188738,0.0,42.0,0.10727969348659,-0.04487658937921,-16.89627870150436,21.4357864357864,133.11526063951726,131.53685513582195,156.9661355768527,9757
2018-05-20,42.7,8,3,106,3,6,32,64,29,25,18,1,22,16,38,14,2,33,10,23,6,81,109,2,75,33.48571428571429,9.142857142857142,24.642857142857142,19.24285714285714,270.15714285714284,1002.9,134.71428571428572,213.0,3.0,9.93214285714286,234.0928571428572,143.78571428571428,36.00714285714286,0.9575714285714286,743.25,23.085714285714285,8.571428571428571,26.24285714285714,825.3666666666667,10.257142857142856,0.6546642246642247,0.1721336996336996,41.135714285714286,11.99629123931624,5.357142857142857,3.2857142857142856,62.07485958485959,0.0,37.0,0.10727969348659,-0.04487658937921,-16.89627870150436,-10.12417562830491,132.92305820783878,131.69976444305487,156.98803977704227,9945
2018-05-27,45.9,9,9,116,8,10,55,69,23,30,14,1,25,13,40,12,7,34,16,18,4,98,136,0,104,36.04285714285714,0.7285714285714285,11.828571428571427,20.214285714285715,317.3,1000.9428571428572,134.0,186.8571428571429,3.171428571428572,9.885714285714286,221.7142857142857,137.5,34.0,0.9807142857142858,556.1142857142856,28.1,9.857142857142858,27.27142857142857,833.4666666666666,1.9142857142857144,0.626849237718803,0.2594606221935414,43.707142857142856,12.164115780699632,5.0,3.142857142857143,60.10508321905837,62.0,17.0,0.10727969348659,-0.04487658937921,-16.89627870150436,14.5038672572222,132.81789123384684,131.86449328439068,157.13253019276607,12299
2018-06-03,46.8,4,8,112,5,10,66,72,28,27,16,2,26,15,48,23,7,34,12,22,6,116,146,1,103,36.74285714285714,8.714285714285714,21.128571428571423,26.31428571428572,182.28571428571428,998.9,169.42857142857142,191.0,3.042857142857143,9.842857142857143,210.42857142857144,146.21428571428572,36.07142857142857,0.9957142857142858,650.967857142857,27.17142857142857,9.714285714285714,29.057142857142857,840.0666666666667,2.3428571428571425,0.6526111712627635,0.2331924803414188,43.00714285714286,12.03697641113862,3.857142857142857,2.571428571428572,60.833635640859214,0.0,41.0,0.10727969348659,-0.04487658937921,3.79746835443037,-25.44887708561862,132.81154315923067,132.03113770774468,157.41525960773114,12336
2018-06-10,43.8,10,6,129,6,12,41,69,23,39,10,2,23,14,45,17,5,32,16,16,3,101,131,5,96,35.385714285714286,20.542857142857144,44.457142857142856,20.228571428571428,154.9,997.7571428571428,119.0,132.14285714285714,3.2285714285714286,8.664285714285715,212.9,134.85714285714286,41.22857142857144,1.0278571428571428,524.0964285714286,25.77142857142857,9.0,29.15714285714285,844.9619047619047,5.585714285714286,0.5798772381499581,0.2675017583484402,42.57142857142857,12.127720615827636,5.0,3.071428571428572,61.76543129126694,23.0,26.0,0.17149390243903,-0.01874062968516,30.6368670886076,-2.59428482924185,132.9061753721058,132.19979376103194,157.8328462908991,13656
2018-06-17,45.4,8,7,116,4,6,34,62,33,33,15,5,25,10,38,11,5,40,13,27,1,85,126,3,96,35.285714285714285,18.65714285714285,40.85714285714285,22.81428571428572,241.8142857142857,993.5714285714286,240.42857142857144,218.0,2.071428571428572,10.071428571428571,224.42857142857144,140.5,40.21428571428572,1.0,553.4785714285715,23.75714285714286,8.571428571428571,28.642857142857142,847.9880952380953,10.242857142857142,0.5200097808793461,0.2164025013403895,43.285714285714285,11.964655120012264,5.357142857142857,3.2857142857142856,60.88699074102801,15.0,20.0,0.17149390243903,-0.01874062968516,30.6368670886076,-5.47781841310224,133.09235317584384,132.37055749216785,158.35896893348374,13908
2018-06-24,43.7,4,6,87,7,4,41,37,23,32,11,0,15,11,37,11,3,26,9,17,2,68,97,2,74,34.614285714285714,18.52857142857143,41.642857142857146,15.928571428571429,296.88571428571424,998.5857142857144,117.57142857142856,89.42857142857143,3.042857142857143,9.6,217.92857142857144,145.42857142857142,37.785714285714285,1.002857142857143,586.35,26.457142857142856,9.0,28.5,849.0333333333334,6.771428571428572,0.6491844756550639,0.1345597213244272,40.12857142857143,12.131278041635566,5.785714285714286,4.142857142857143,59.158183483183485,0.0,31.0,0.17149390243903,-0.01874062968516,30.6368670886076,24.4848178988981,133.35995150225966,132.54352494906757,158.965940521605,14194
2018-07-01,44.1,12,4,108,4,4,51,62,24,33,8,2,27,14,45,13,8,34,10,24,3,87,127,7,93,32.614285714285714,21.957142857142856,57.1,20.214285714285715,178.1,997.842857142857,89.57142857142857,79.42857142857143,3.3285714285714287,10.285714285714286,241.1428571428572,142.15,37.785714285714285,1.018571428571429,622.7142857142857,23.25714285714286,8.285714285714286,27.81428571428572,848.0642857142857,42.54285714285714,0.6115027829313543,0.2441187384044527,42.59285714285714,11.807193692022263,4.785714285714286,2.5,62.63469851576995,0.0,26.0,0.17149390243903,-0.01874062968516,30.6368670886076,0.37837837837838,133.6988452831681,132.71879217964633,159.6260740413828,14021
2018-07-08,40.4,14,5,105,3,7,34,56,18,40,18,4,23,10,38,15,3,37,12,25,5,88,120,3,88,31.714285714285715,23.12857142857143,62.785714285714285,15.885714285714286,280.0142857142857,996.9857142857144,73.28571428571429,62.0,2.742857142857143,10.328571428571427,210.2142857142857,137.05,36.285714285714285,0.9845,654.7214285714286,25.4,8.857142857142858,26.77142857142857,845.1238095238095,16.45714285714286,0.6527625404228676,0.2950279394054272,38.971428571428575,12.017060077619565,4.428571428571429,2.071428571428572,62.078127423218085,0.0,10.0,-0.09462528387585,0.39384846211553,4.44444444444444,8.85164243403339,134.09890945038387,132.89645523181932,160.31168247893697,12934
2018-07-15,40.9,10,6,104,1,5,30,57,16,38,12,2,22,12,47,24,4,31,16,15,2,82,125,6,94,32.51428571428571,24.11428571428572,63.91428571428571,15.94285714285714,150.4857142857143,996.3857142857142,67.71428571428571,45.285714285714285,3.257142857142857,10.542857142857144,226.6428571428572,137.92857142857142,31.714285714285715,0.9837857142857144,541.0435714285715,23.928571428571427,8.285714285714286,27.142857142857142,840.3261904761904,30.38571428571429,0.5808945778574934,0.2120676992799754,41.26428571428572,12.281533636511258,5.214285714285714,2.9285714285714284,60.98638997759842,20.0,35.0,-0.09462528387585,0.39384846211553,4.44444444444444,1.63255209943726,134.55001893572188,133.0766101535019,160.99507882038753,13507
2018-07-22,34.9,14,5,117,7,10,27,63,14,45,7,1,17,9,45,18,8,22,7,15,4,87,130,7,104,29.97142857142857,25.9,79.85714285714286,14.957142857142856,180.62857142857143,997.7714285714284,72.71428571428571,73.85714285714286,2.442857142857143,9.607142857142858,216.45,124.72142857142856,30.714285714285715,0.8542142857142857,541.4571428571428,19.385714285714283,7.0,26.228571428571428,833.845238095238,61.01428571428572,0.6528665778665779,0.1105402533973962,45.41428571428571,12.277148664827235,5.214285714285714,2.7857142857142856,60.01547539761825,0.0,32.0,-0.09462528387585,0.39384846211553,4.44444444444444,3.46820809248555,135.04204867099685,133.25935299260908,161.64857605185443,13799
2018-07-29,35.0,3,6,101,7,5,32,54,16,31,15,4,24,16,41,17,5,28,8,20,3,88,113,7,88,29.842857142857145,25.6,79.32857142857142,11.857142857142858,217.9857142857143,997.5,71.42857142857143,52.0,2.2857142857142856,10.15,239.78571428571428,147.5,32.142857142857146,0.9935714285714284,553.8857142857142,23.571428571428573,8.571428571428571,26.12857142857143,825.8809523809523,37.17142857142857,0.6662843367812312,0.1344660515467969,45.22857142857144,11.984819311123658,5.142857142857143,3.857142857142857,61.08311305671554,40.0,55.0,-0.09462528387585,0.39384846211553,4.44444444444444,-3.52837400764481,135.5648735880237,133.4447797970562,162.2444871594575,14965
2018-08-05,37.0,9,4,99,6,10,32,50,9,34,16,2,21,7,30,8,3,27,6,21,2,73,108,5,80,30.685714285714287,23.67142857142857,67.75714285714285,16.3,253.28571428571428,996.9142857142856,72.28571428571429,68.28571428571429,2.757142857142857,9.803571428571429,239.2142857142857,146.35714285714286,36.5,1.0804285714285715,603.7592857142856,24.028571428571432,8.714285714285714,25.65714285714285,816.6666666666667,34.25714285714286,0.664172335600907,0.1965419501133787,41.55,12.53629365079365,4.857142857142857,2.9285714285714284,59.55966553287982,12.0,21.0,0.07598784194529,0.48744460856721,3.933910306845,-5.13258153002134,136.1080693720605,133.63298661475855,162.75707784479687,14909
2018-08-12,37.0,9,7,121,5,3,32,64,16,44,10,5,22,19,49,21,7,36,16,20,1,106,138,6,93,29.52857142857143,24.4,75.55714285714285,14.842857142857143,189.6428571428572,999.1714285714286,40.285714285714285,34.714285714285715,2.414285714285714,9.24642857142857,206.6642857142857,140.5,34.142857142857146,1.012857142857143,604.842857142857,21.27142857142857,8.0,25.87142857142857,806.4095238095239,54.72857142857144,0.6152369560264297,0.1845579858737753,44.24285714285714,12.131417179311915,4.714285714285714,3.071428571428572,61.76760651629073,0.0,19.0,0.07598784194529,0.48744460856721,3.933910306845,1.19514232474459,136.65827191019392,133.8240694936312,163.1797972863494,14329
2018-08-19,36.5,11,12,73,2,3,23,48,14,58,10,4,19,8,24,10,2,37,12,25,3,66,111,6,74,30.428571428571427,24.442857142857143,72.04285714285714,11.2,168.42857142857142,998.8,50.71428571428572,27.571428571428573,2.642857142857143,9.83,227.79071428571427,144.14285714285714,40.42857142857143,1.0281428571428572,625.5814285714285,21.942857142857143,8.285714285714286,26.185714285714287,795.3190476190476,42.68571428571429,0.5948927896517459,0.1981823351350109,44.25,12.0604385581984,5.071428571428571,3.0,61.66871418423829,17.0,12.0,0.07598784194529,0.48744460856721,3.933910306845,2.62238872309353,137.20044849071098,134.01812448158952,163.5169830041093,13460
2018-08-26,37.8,10,13,129,3,2,29,59,17,46,24,6,39,20,61,27,4,57,26,31,7,107,157,5,119,31.128571428571423,24.042857142857144,67.78571428571429,14.757142857142858,202.6714285714285,998.6857142857144,40.71428571428572,25.428571428571427,3.1,9.760714285714286,225.07142857142856,139.68571428571428,37.221428571428575,1.0064285714285717,624.0642857142857,22.5,8.285714285714286,26.4,783.5833333333333,37.285714285714285,0.6358903942676843,0.177106777775836,45.285714285714285,11.79215624642596,5.0,2.9285714285714284,63.00880362759152,0.0,28.0,0.07598784194529,0.48744460856721,3.933910306845,9.32434104690014,137.71954725011915,134.21524762654866,163.77309749186134,14636
2018-09-02,39.2,13,10,114,6,7,22,51,8,22,11,1,24,9,48,13,1,28,17,11,2,68,114,5,91,30.87142857142857,22.9,64.81428571428572,11.55714285714286,215.32857142857145,1000.5142857142856,49.85714285714285,32.0,2.3428571428571425,9.692142857142857,217.8571428571429,128.8357142857143,40.642857142857146,1.0309285714285714,541.2285714285715,20.67142857142857,8.0,26.17142857142857,771.3642857142858,36.82857142857143,0.6287085625777624,0.2299606130077449,48.07142857142857,11.953058612494113,4.928571428571429,3.2857142857142856,61.42789633133075,0.0,22.0,0.07598784194529,0.48744460856721,3.933910306845,-2.26385194408286,138.20051632492587,134.41553497642383,163.95260324339037,15344
2018-09-09,37.2,5,14,83,11,7,22,48,7,39,10,4,18,8,52,16,1,35,13,22,4,90,118,7,92,29.414285714285715,22.714285714285715,69.24285714285715,12.0,169.55714285714288,1003.0285714285714,41.85714285714285,30.142857142857142,2.8714285714285714,10.207142857142856,228.0,140.32857142857142,33.07142857142857,0.9192857142857144,524.8971428571429,19.4,7.571428571428571,25.1,758.7809523809525,44.67142857142857,0.569622207857502,0.221799360769949,47.41428571428571,12.2117733247145,5.142857142857143,3.357142857142857,61.01944624003448,0.0,45.0,0.20817562452687,0.07209805335256,5.79825258141381,-3.70027216399328,138.62830385163866,134.6190825791303,164.0599627524813,14584
2018-09-16,37.2,11,5,124,8,8,25,57,22,47,11,3,20,21,44,16,2,40,15,25,5,96,150,4,111,29.31428571428572,20.942857142857143,63.15714285714286,13.914285714285716,243.2428571428572,1005.1857142857144,38.57142857142857,25.571428571428573,3.3428571428571425,9.607142857142858,212.6428571428572,142.78571428571428,41.07142857142857,1.0142857142857142,618.3357142857143,22.357142857142858,8.571428571428571,24.1,745.947619047619,17.057142857142857,0.5502900036652897,0.2119676662010758,47.06428571428571,12.209794669480024,5.071428571428571,2.857142857142857,60.90828768231514,0.0,9.0,0.20817562452687,0.07209805335256,5.79825258141381,-7.69693325315695,138.98785796676498,134.82598648258323,164.099638512919,12550
2018-09-23,37.2,11,14,126,2,6,18,75,17,31,12,6,35,12,58,24,5,42,18,24,5,104,156,4,110,27.414285714285715,19.47142857142857,66.15714285714286,18.485714285714288,155.82857142857142,1006.4142857142856,72.14285714285714,73.28571428571429,3.1142857142857143,9.671428571428573,206.9857142857143,137.25714285714284,33.142857142857146,0.9285714285714286,570.9571428571428,18.81428571428572,7.285714285714286,22.085714285714285,732.9666666666666,22.04285714285714,0.69176072946341,0.2811874795684864,48.971428571428575,12.142272624106852,4.5,2.9285714285714284,58.758340805429725,58.0,15.0,0.20817562452687,0.07209805335256,5.79825258141381,11.6351791530945,139.26412680681224,135.03634273469797,164.0760930184883,13370
2018-09-30,32.9,8,7,111,3,5,19,57,24,27,13,0,16,6,53,13,6,49,23,26,1,87,133,4,107,25.75714285714286,20.085714285714285,72.98571428571428,12.042857142857144,221.6714285714285,1008.157142857143,51.142857142857146,53.285714285714285,2.5285714285714285,9.892857142857142,215.42857142857144,149.64285714285714,38.42857142857143,0.9835714285714288,524.9,19.52857142857143,7.428571428571429,20.485714285714288,719.9261904761905,15.214285714285714,0.6238875959740621,0.208771432549628,44.25714285714286,12.414401131797748,5.785714285714286,3.857142857142857,60.11990691013248,22.0,27.0,0.20817562452687,0.07209805335256,5.79825258141381,8.03571428571429,139.1,133.2,163.2,10796
2018-10-07,33.8,13,13,124,4,7,12,42,19,37,14,2,23,8,52,14,0,47,20,27,5,76,121,1,87,26.228571428571428,16.914285714285715,58.25714285714286,10.157142857142857,190.1428571428572,1009.9857142857144,52.85714285714285,52.85714285714285,2.971428571428571,10.035714285714286,217.57142857142856,144.92857142857142,35.642857142857146,0.995,553.1571428571428,20.37142857142857,8.0,20.585714285714285,706.9142857142857,0.2857142857142857,0.6494730666159237,0.2228098885241742,47.05714285714286,12.166545676545676,5.357142857142857,3.857142857142857,60.54652522081094,45.0,0.0,0.0,0.01797268152408,5.54675118858953,-9.85253605574461,139.5116108973847,135.46779647657345,163.86730381769755,9821
2018-10-14,32.7,12,10,98,1,3,15,65,14,48,7,3,25,14,44,19,4,38,15,23,10,99,143,2,91,24.62857142857143,15.714285714285714,60.114285714285714,11.642857142857142,149.52857142857144,1010.5714285714286,96.85714285714286,116.0,2.9857142857142853,9.714285714285714,220.3571428571429,141.97857142857143,37.42857142857143,1.0521428571428573,497.13571428571424,18.428571428571427,7.571428571428571,18.67142857142857,694.0166666666667,0.9714285714285716,0.6472409850147673,0.2435319665623686,45.959140797182506,12.311208714682463,4.357142857142857,2.642857142857143,60.74249783125232,0.0,14.0,0.0,0.01797268152408,5.54675118858953,-9.77290430822698,139.48278055903634,135.68908606216465,163.75167856412625,11140
2018-10-21,32.0,8,6,130,3,4,24,48,16,36,12,6,32,8,52,18,5,47,12,35,6,89,150,0,113,23.82857142857143,11.94285714285714,49.92857142857143,11.171428571428573,202.6,1011.9,96.85714285714286,131.14285714285714,2.314285714285714,10.44285714285714,231.9,139.64285714285714,36.92857142857143,1.0007142857142857,506.12142857142857,17.657142857142855,7.428571428571429,17.642857142857142,681.3476190476191,14.0,0.5798855273103394,0.1797896527031865,46.51428571428572,11.874582468074948,5.071428571428571,3.2142857142857144,60.16122747344552,20.0,37.0,0.0,0.01797268152408,5.54675118858953,5.35927746048612,139.37057376786154,135.91421218807852,163.71206896126392,13324
2018-10-28,30.8,9,12,120,4,3,24,65,11,36,14,7,34,8,50,19,3,40,20,20,4,96,150,0,109,22.9,9.457142857142856,44.68571428571429,11.0,161.8714285714286,1014.8,102.14285714285714,149.71428571428572,2.271428571428572,9.857142857142858,199.6428571428572,135.71428571428572,35.5,0.9845,497.20714285714286,16.414285714285715,6.857142857142857,16.52857142857143,669.047619047619,5.642857142857143,0.6252281127606623,0.2342807293095306,47.85714285714285,11.71999495866102,5.142857142857143,2.9285714285714284,62.74619457188699,16.0,41.0,0.0,0.01797268152408,5.54675118858953,-15.795776867318,139.18999679847934,136.14327090223026,163.81363096811438,14080
2018-11-04,30.4,19,5,141,3,4,29,55,14,53,21,3,26,11,56,26,6,39,13,26,7,95,142,1,107,21.75714285714286,12.271428571428572,58.02857142857143,13.0,188.28571428571428,1014.6142857142858,97.71428571428572,124.28571428571428,1.6,9.72642857142857,219.1142857142857,138.79285714285714,38.285714285714285,1.0178571428571428,595.7857142857143,11.485714285714286,5.142857142857143,16.414285714285715,657.2619047619047,26.5,0.5827343811087653,0.2246655861926798,42.98571428571428,11.795287398972128,5.142857142857143,3.357142857142857,60.19122036693465,22.0,50.0,0.82582582582583,-0.33045977011494,9.12667191188041,-12.16408413803428,138.95605592550854,136.37635825253503,164.1215205436815,15249
2018-11-11,27.2,14,10,102,2,8,57,63,16,35,19,3,24,5,52,20,3,38,19,19,4,89,128,0,99,18.957142857142856,4.371428571428571,40.971428571428575,11.457142857142856,207.42857142857144,1014.5857142857144,125.28571428571428,108.57142857142856,1.3285714285714287,11.292857142857144,205.3642857142857,155.29285714285714,39.07142857142857,1.0042857142857142,638.6285714285714,12.785714285714286,5.857142857142857,11.842857142857143,646.1928571428571,19.37142857142857,0.5598639455782314,0.2238662131519274,39.69285714285714,11.976045918367346,5.285714285714286,3.142857142857143,62.39489795918367,0.0,23.0,0.82582582582583,-0.33045977011494,9.12667191188041,14.9906255326402,138.68375742356798,136.61357028690813,164.70089364696915,11674
2018-11-18,28.3,11,17,117,12,17,52,58,15,29,12,4,23,6,54,25,6,43,19,24,1,85,134,1,98,19.4,8.042857142857143,50.8,14.37142857142857,178.12857142857143,1013.2285714285716,99.42857142857144,79.14285714285714,1.6285714285714286,9.892857142857142,233.9857142857143,136.94285714285715,37.82142857142857,0.972857142857143,640.7785714285714,13.157142857142857,6.0,13.0,636.0619047619048,17.857142857142858,0.6467470986267978,0.3423312972185152,40.60714285714285,12.203515824192516,4.785714285714286,3.2857142857142856,62.25030415143197,0.0,21.0,0.82582582582583,-0.33045977011494,9.12667191188041,17.2311568961684,138.38810756727662,136.85500305326474,165.616906236981,23087
2018-11-25,27.9,14,14,104,7,12,50,74,17,31,14,5,29,8,64,22,4,49,17,32,4,111,151,0,117,18.728571428571428,5.985714285714286,46.31428571428571,16.928571428571427,287.4428571428571,1016.6142857142858,105.0,76.57142857142857,1.8857142857142857,9.657142857142857,238.95714285714288,138.5857142857143,33.0,0.9192857142857144,518.7178571428572,13.642857142857142,6.0,11.971428571428572,627.1309523809524,13.742857142857142,0.6214441405785825,0.2555916667317188,42.614285714285714,12.342916032408118,5.357142857142857,3.2142857142857144,61.19042891924078,0.0,15.0,0.82582582582583,-0.33045977011494,9.12667191188041,3.64142116576053,138.08411263125328,137.1007525995201,166.9347142727211,30390
2018-12-02,27.8,16,13,129,3,8,28,82,21,48,13,5,34,12,71,22,6,65,25,40,4,115,161,0,121,18.014285714285712,5.4,46.1,13.542857142857144,242.25714285714284,1017.1428571428572,127.0,90.42857142857144,1.5142857142857142,10.815714285714288,229.3571428571429,140.21428571428572,36.84285714285714,0.9707142857142858,594.5142857142856,11.62857142857143,5.285714285714286,11.528571428571428,619.6833333333333,33.300000000000004,0.6392298465279832,0.1649125833908442,40.957142857142856,12.00842268066647,5.571428571428571,3.2142857142857144,62.49619195504289,23.0,11.0,0.82582582582583,-0.33045977011494,9.12667191188041,9.59497377089179,137.78672120038266,137.3509149735894,168.71824239133812,17304
2018-12-09,24.5,15,10,134,1,3,18,74,18,34,13,5,33,14,63,21,2,55,21,34,3,103,155,0,115,16.342857142857145,4.7,48.02857142857143,10.042857142857144,284.9,1015.7714285714284,111.57142857142856,68.57142857142857,1.042857142857143,10.367857142857144,239.1428571428572,139.50714285714284,39.642857142857146,0.9716428571428573,582.0,11.328571428571427,5.571428571428571,9.728571428571428,613.9571428571428,24.65714285714285,0.6015882384168829,0.2183584693632191,40.287712225753936,12.060051390472054,5.142857142857143,3.0,60.32838018150404,14.0,23.0,0.14419610670512,0.14609203798393,9.32601880877743,-25.2574163744643,137.50585564146138,137.6055862233879,170.92413631336353,15396
2018-12-16,23.4,6,16,132,0,1,22,71,19,33,15,2,30,11,55,17,7,44,9,35,2,99,140,2,88,13.428571428571429,5.357142857142857,61.41428571428571,13.657142857142857,234.3,1019.7,78.28571428571429,51.42857142857143,2.057142857142857,9.657142857142857,230.28571428571428,139.3642857142857,37.85714285714285,1.0335714285714286,617.1142857142858,11.514285714285714,5.285714285714286,7.6571428571428575,610.197619047619,15.62857142857143,0.7158119228552665,0.2157954489610836,43.864285714285714,11.7765801033332,5.357142857142857,3.142857142857143,62.5924908639692,0.0,26.0,0.14419610670512,0.14609203798393,9.32601880877743,91.2800655298235,137.24258294709318,137.86486239683086,173.32003385458515,13595
2018-12-23,22.1,4,9,116,8,7,29,76,16,45,21,4,26,7,81,30,6,48,15,33,4,115,140,0,106,12.142857142857142,-1.5285714285714287,41.72857142857144,11.771428571428572,286.3857142857143,1018.5714285714286,133.14285714285714,96.71428571428572,1.1285714285714286,10.45,238.1428571428572,161.92857142857142,38.85714285714285,1.0314285714285716,598.1999999999999,12.528571428571428,5.714285714285714,4.228571428571429,608.5738095238095,4.785714285714286,0.6307477844939146,0.2557046853829251,41.71428571428572,12.058832719052534,5.5,4.0,63.06506069679334,44.0,41.0,0.14419610670512,0.14609203798393,9.32601880877743,27.5041849963016,136.99706870778587,138.12883954183343,175.65433342680646,14091
2018-12-30,19.7,9,10,122,11,15,68,78,22,58,19,4,33,12,61,19,4,50,10,40,4,111,154,0,118,10.357142857142858,-1.871428571428572,45.24285714285714,13.87142857142857,280.6428571428572,1018.2285714285716,147.42857142857142,139.71428571428572,1.0285714285714287,10.264285714285716,251.2142857142857,146.14285714285714,35.642857142857146,0.94,639.25,11.728571428571428,5.285714285714286,3.128571428571429,609.1642857142857,4.185714285714286,0.610356688823508,0.2675234929975041,41.80714285714286,12.178480736001491,5.428571428571429,3.857142857142857,60.046071441543816,18.0,27.0,0.14419610670512,0.14609203798393,9.32601880877743,-39.02967757694186,136.76947851404705,138.3976137063109,177.67543344183085,12239
2019-01-06,20.7,19,13,142,10,12,85,94,24,68,21,3,40,22,73,24,4,63,22,41,2,141,201,2,148,11.0,2.3714285714285714,58.457142857142856,13.171428571428573,258.6,1020.157142857143,152.57142857142858,124.42857142857144,1.1285714285714286,10.149285714285714,231.92857142857144,143.9,39.51428571428572,0.9218571428571428,586.2071428571428,9.028571428571428,4.285714285714286,5.842857142857143,611.947619047619,31.11428571428572,0.5827647774652382,0.2394447270599344,42.371428571428574,11.931484668525275,4.785714285714286,3.0,61.88587342317181,0.0,39.0,0.53046594982079,-0.13071895424836,-10.43002345582488,-9.22429766137513,136.5599779563844,138.67121628782363,179.16975665063,12115
2019-01-13,21.3,11,16,161,4,5,50,85,16,68,20,3,24,12,62,16,6,49,18,31,2,112,152,2,106,12.328571428571427,3.3000000000000003,58.1,14.714285714285714,200.3571428571429,1018.6285714285714,121.0,71.14285714285714,1.5285714285714285,9.439285714285717,242.59862913531165,132.07142857142858,37.32142857142857,0.9920714285714284,567.3,12.185714285714283,5.714285714285714,6.271428571428571,616.802380952381,21.81428571428572,0.7274648320866809,0.2573429371748699,41.91628365432536,12.087916144371166,5.357142857142857,3.571428571428572,63.84493335795857,0.0,32.0,0.53046594982079,-0.13071895424836,-10.43002345582488,-11.73387764108788,136.36873262530563,138.9492797074369,180.15838526765415,13217
2019-01-20,23.7,17,15,127,6,10,35,81,26,68,21,8,37,10,77,21,5,73,25,48,8,132,186,1,134,12.342857142857143,-0.7142857142857143,44.35714285714285,14.1,255.77142857142857,1017.9142857142856,113.14285714285714,111.71428571428572,1.5285714285714285,9.963571428571427,227.7142857142857,158.07581871190035,40.42857142857143,1.015,594.2214285714286,12.4,6.0,5.185714285714285,623.5309523809525,45.05714285714286,0.5882554945054945,0.1668625356125356,41.08571428571429,11.790993833613095,5.214285714285714,3.571428571428572,64.13247354497355,28.0,33.0,0.53046594982079,-0.13071895424836,-10.43002345582488,9.0875,136.19590811131843,139.23128433815918,180.7518291198418,12929
2019-01-27,18.6,14,20,143,6,8,34,82,21,51,19,4,33,11,79,23,1,65,17,48,7,133,187,3,135,10.928571428571429,4.014285714285714,65.97142857142858,15.085714285714284,270.62857142857143,1019.4285714285714,63.42857142857143,39.71428571428572,2.128571428571429,9.905714285714286,221.2142857142857,135.57142857142858,40.92857142857143,1.0480714285714288,479.5571428571429,11.87142857142857,5.428571428571429,5.928571428571429,631.8904761904762,31.042857142857144,0.6509752825566417,0.2241915808985046,41.971428571428575,12.099575180586353,5.142857142857143,3.0,60.91661864593895,0.0,21.0,0.53046594982079,-0.13071895424836,-10.43002345582488,-15.75570069898018,136.0416700049305,139.5167102536918,181.0607740727387,12869
2019-02-03,21.7,23,9,156,7,5,26,91,25,64,31,3,32,20,63,27,3,65,30,35,3,136,178,2,117,10.842857142857143,1.7571428571428571,57.68571428571429,12.485714285714286,262.9857142857143,1020.1,87.14285714285714,57.71428571428572,1.657142857142857,9.69285714285714,227.9,129.0,35.0,0.9578571428571429,547.6214285714285,13.257142857142856,5.857142857142857,3.914285714285714,641.6095238095238,25.08571428571429,0.6130458264386835,0.2069854293068578,46.035714285714285,12.11200668781026,5.142857142857143,2.7142857142857144,63.04803272660416,18.0,20.0,0.53046594982079,-0.13071895424836,10.7501933488012,2.509521218716,135.9061838966495,139.80503752773618,181.1949889529896,11852
2019-02-10,24.0,16,12,168,3,11,34,85,28,61,25,5,44,6,79,23,6,68,24,44,9,118,183,3,131,13.214285714285714,4.642857142857143,60.0,14.857142857142858,243.08571428571423,1016.6285714285716,87.0,82.28571428571429,1.6857142857142855,10.19285714285714,220.55,133.57142857142858,43.07142857142857,1.0238571428571428,619.9642857142857,14.028571428571428,6.0,6.771428571428571,652.4166666666667,37.32857142857143,0.6041341767664461,0.3219241795073709,44.114285714285714,12.002480610940088,5.285714285714286,3.2857142857142856,61.73653107888962,0.0,8.0,0.10474860335196,-0.23757309941521,39.0177880897138,5.36721289723346,135.78961537698314,140.09574623399357,181.23394633909652,11990
2019-02-17,23.0,17,18,137,5,4,22,90,17,45,25,3,40,14,80,27,5,66,27,39,5,116,164,2,117,14.428571428571429,6.285714285714286,61.614285714285714,13.114285714285714,238.11428571428573,1017.7714285714284,120.28571428571428,70.0,1.342857142857143,10.407142857142857,231.08571428571423,133.28571428571428,37.35714285714285,1.0483571428571428,533.8257142857143,12.714285714285714,5.857142857142857,8.785714285714286,664.0619047619048,52.22857142857144,0.6399212316505549,0.1679387544491481,43.35714285714285,11.861781765337714,5.071428571428571,2.857142857142857,62.56139929656073,0.0,32.0,0.10474860335196,-0.23757309941521,39.0177880897138,-1.86374512026193,135.69213003643912,140.3883164461653,181.22060707553305,10917
2019-02-24,24.4,12,18,141,5,3,15,91,21,49,20,8,33,23,65,22,9,51,15,36,8,132,174,4,109,14.9,7.428571428571429,65.05714285714286,18.61428571428572,193.08571428571432,1014.7142857142856,65.85714285714286,68.28571428571429,2.971428571428571,9.596932073157133,237.384343421026,127.28571428571428,38.285714285714285,0.9885714285714284,536.2571428571429,15.757142857142856,7.0,8.971428571428572,676.3380952380952,42.84285714285714,0.6286678119523671,0.2316354817789185,43.24285714285714,12.02695764219404,4.928571428571429,3.142857142857143,62.81509369264948,0.0,24.0,0.10474860335196,-0.23757309941521,39.0177880897138,1.84139612472732,135.61389346552505,140.68222823795278,181.19575828493322,11139
2019-03-03,23.5,7,9,132,5,6,24,85,21,53,17,4,24,12,62,21,3,56,23,33,4,119,157,4,108,14.214285714285714,5.6000000000000005,59.785714285714285,14.114285714285714,123.14285714285714,1013.9571428571428,88.71428571428571,118.42857142857144,2.9857142857142853,9.842857142857143,223.07142857142856,132.74285714285716,34.714285714285715,0.9364285714285714,448.3357142857143,16.942857142857143,7.285714285714286,8.457142857142857,689.0500000000001,43.42857142857143,0.6281531751456564,0.2258487126908179,42.892857142857146,12.262283671841942,5.214285714285714,3.071428571428572,63.82607085896559,0.0,59.0,0.10474860335196,-0.23757309941521,39.0177880897138,-6.999306999307,135.55507125474873,140.9769616830573,181.19958994785463,10509
2019-03-10,26.4,6,8,138,1,2,12,65,19,59,13,2,34,6,52,13,7,39,15,24,5,93,136,0,90,16.857142857142858,7.271428571428571,56.7,11.885714285714286,243.2142857142857,1012.5714285714286,114.28571428571428,126.57142857142856,2.728571428571428,10.35,238.6142857142857,131.0,34.714285714285715,0.9178571428571428,491.5785714285715,19.2,7.714285714285714,10.3,702.0571428571428,12.285714285714286,0.5389965164809886,0.1601391764435242,50.12857142857143,11.841357257878997,6.142857142857143,3.071428571428572,63.08434799040389,0.0,20.0,0.05215577190542,-0.14760147601476,11.1025443330763,0.68418913426365,135.5158289946178,141.2719968551802,181.25256423997374,10638
2019-03-17,28.9,9,19,123,2,4,32,80,19,60,13,3,32,22,56,15,1,47,19,28,2,110,141,3,81,17.485714285714288,7.399999999999999,55.35714285714285,13.528571428571428,249.4,1016.9,102.28571428571428,81.57142857142857,2.4857142857142853,9.128571428571428,225.0,133.85714285714286,36.0,0.8978571428571429,546.0357142857143,19.942857142857143,8.0,10.928571428571429,715.2333333333333,27.04285714285714,0.5964866378400213,0.2312603853957237,46.871428571428574,11.948392639106926,5.428571428571429,3.0,61.11638069532807,18.0,0.0,0.05215577190542,-0.14760147601476,11.1025443330763,-8.43705846733499,135.4963322756399,141.56681382802282,181.3513682357922,11039
2019-03-24,30.4,9,13,114,3,4,21,69,20,47,13,1,29,6,72,18,2,47,19,28,5,105,147,0,94,20.65714285714285,7.985714285714286,47.4,18.785714285714285,304.6428571428572,1012.6142857142858,60.142857142857146,66.42857142857143,3.271428571428572,10.19285714285714,229.1428571428572,131.35714285714286,39.5,1.0408571428571427,531.1714285714286,20.7,8.714285714285714,13.271428571428572,728.4761904761905,24.52857142857143,0.653414054617062,0.2188236012108192,41.27857142857143,12.009903817986526,4.857142857142857,2.4285714285714284,62.47293102887088,15.0,0.0,0.05215577190542,-0.14760147601476,11.1025443330763,0.13226541259461,135.4967466883228,141.8608926752865,181.4912735619278,9764
2019-03-31,37.7,3,10,140,2,3,33,62,10,45,6,3,18,14,47,14,8,24,8,16,4,86,116,0,71,24.67142857142857,9.185714285714283,41.3,15.828571428571427,227.7428571428572,1010.9428571428572,83.28571428571429,85.57142857142857,2.7857142857142856,10.167857142857144,264.1428571428572,149.19285714285712,33.5,0.9652142857142856,389.2857142857143,21.67142857142857,8.428571428571429,16.95714285714286,741.6904761904761,47.0,0.6025664811379097,0.1770330859616573,47.76428571428572,12.167912492269636,5.571428571428571,3.2142857142857144,62.10145330859616,0.0,16.0,0.05215577190542,-0.14760147601476,11.1025443330763,-1.2988919057753,134.7,144.1,182.0,11578
